transactionID,value
,nannannanFrontLock1nannanUnlockednannannan Manny Kinwebhook
,nannannanFrontLock1nannanUnlockednannannan Manny Kinwebhook
,nannannanFrontLock1nannanUnlockednannannan Manny Kinwebhook
,nannannanFrontLock1nannanUnlockednannannan Manny Kinwebhook
,nannannanFrontLock1nannanUnlockednannannan Manny Kinwebhook
,nannannanFrontLock1nannanUnlockednannannan Manny Kinwebhook
,nannannanFrontLock1nannanUnlockednannannan Manny Kinwebhook
,nannannanFrontLock1nannanUnlockednannannan Manny Kinwebhook
,nannannanFrontLock1nannanUnlockednannannan Manny Kinwebhook
,nannannanFrontLock1nannanUnlockednannannan Manny Kinwebhook
,nannannanFrontLock1nannanUnlockednannannan Manny Kinwebhook
,nannannanFrontLock1nannanUnlockednannannan Manny Kinwebhook
,nannannanFrontLock1nannanUnlockednannannan Manny Kinwebhook
,nannannanFrontLock1nannanUnlockednannannan Manny Kinwebhook
,nannannanFrontLock1nannanUnlockednannannan Manny Kinwebhook
,nannannanFrontLock1nannanUnlockednannannan Manny Kinwebhook
,nannannanFrontLock1nannanUnlockednannannan Manny Kinwebhook
,nannannanFrontLock1nannanUnlockednannannan Manny Kinwebhook
,nannannanFrontLock1nannanUnlockednannannan Manny Kinwebhook
,nannannanFrontLock1nannanUnlockednannannan Manny Kinwebhook
,nannannanFrontLock1nannanUnlockednannannan Manny Kinwebhook
,nannannanFrontLock1nannanUnlockednannannan Manny Kinwebhook
,nannannanFrontLock1nannanUnlockednannannan Manny Kinwebhook
,nannannanFrontLock1nannanUnlockednannannan Manny Kinwebhook
,nannannanFrontLock1nannanUnlockednannannan Manny Kinwebhook
,nannannanFrontLock1nannanUnlockednannannan Manny Kinwebhook
,nannannanFrontLock1nannanUnlockednannannan Manny Kinwebhook
,nannannanFrontLock1nannanUnlockednannannan Manny Kinwebhook
,nannannanFrontLock1nannanUnlockednannannan Manny Kinwebhook
,nannannanFrontLock1nannanUnlockednannannan Manny Kinwebhook
,nannannanFrontLock1nannanUnlockednannannan Manny Kinwebhook
,nannannanFrontLock1nannanUnlockednannannan Manny Kinwebhook
,nannannanFrontLock1nannanUnlockednannannan Manny Kinwebhook
,nannannanFrontLock1nannanUnlockednannannan Manny Kinwebhook
,nannannanFrontLock1nannanUnlockednannannan Manny Kinwebhook
,nannannanFrontLock1nannanUnlockednannannan Manny Kinwebhook
,nannannanFrontLock1nannanUnlockednannannan Manny Kinwebhook
,nannannanFrontLock1nannanUnlockednannannan Manny Kinwebhook
,nannannanFrontLock1nannanUnlockednannannan Manny Kinwebhook
,nannannanFrontLock1nannanUnlockednannannan Manny Kinwebhook
,nannannanFrontLock1nannanUnlockednannannan Manny Kinwebhook
,nannannanFrontLock1nannanUnlockednannannan Manny Kinwebhook
,nannannanFrontLock1nannanUnlockednannannan Manny Kinwebhook
,nannannanFrontLock1nannanUnlockednannannan Manny Kinwebhook
,nannannanFrontLock1nannanUnlockednannannan Manny Kinwebhook
,nannannanFrontLock1nannanUnlockednannannan Manny Kinwebhook
,nannannanFrontLock1nannanUnlockednannannan Manny Kinwebhook
,nannannanFrontLock1nannanUnlockednannannan Manny Kinwebhook
,nannannanFrontLock1nannanUnlockednannannan Manny Kinwebhook
,nannannanFrontLock1nannanUnlockednannannan Manny Kinwebhook
,nannannanFrontLock1nannanUnlockednannannan Manny Kinwebhook
,nannannanFrontLock1nannanUnlockednannannan Manny Kinwebhook
,nannannanFrontLock1nannanUnlockednannannan Manny Kinwebhook
,nannannanFrontLock1nannanUnlockednannannan Manny Kinwebhook
,nannannanFrontLock1nannanUnlockednannannan Manny Kinwebhook
,nannannanFrontLock1nannanUnlockednannannan Manny Kinwebhook
,nannannanFrontLock1nannanUnlockednannannan Manny Kinwebhook
,nannannanFrontLock1nannanUnlockednannannan Manny Kinwebhook
,nannannanFrontLock1nannanUnlockednannannan Manny Kinwebhook
,nannannanFrontLock1nannanUnlockednannannan Manny Kinwebhook
,nannannanFrontLock1nannanUnlockednannannan Manny Kinwebhook
,nannannanFrontLock1nannanUnlockednannannan Manny Kinwebhook
,nannannanFrontLock1nannanUnlockednannannan Manny Kinwebhook
,nannannanFrontLock1nannanUnlockednannannan Manny Kinwebhook
,nannannanFrontLock1nannanUnlockednannannan Manny Kinwebhook
,nannannanFrontLock1nannanUnlockednannannan Manny Kinwebhook
,nannannanFrontLock1nannanUnlockednannannan Manny Kinwebhook
,nannannanFrontLock1nannanUnlockednannannan Manny Kinwebhook
,nannannanFrontLock1nannanUnlockednannannan Manny Kinwebhook
,nannannanFrontLock1nannanUnlockednannannan Manny Kinwebhook
,nannannanFrontLock1nannanUnlockednannannan Manny Kinwebhook
,nannannanFrontLock1nannanUnlockednannannan Manny Kinwebhook
,nannannanFrontLock1nannanUnlockednannannan Manny Kinwebhook
,nannannanFrontLock1nannanUnlockednannannan Manny Kinwebhook
,nannannanFrontLock1nannanUnlockednannannan Manny Kinwebhook
,nannannanFrontLock1nannanUnlockednannannan Manny Kinwebhook
,nannannanFrontLock1nannanUnlockednannannan Manny Kinwebhook
,nannannanFrontLock1nannanUnlockednannannan Manny Kinwebhook
,nannannanFrontLock1nannanUnlockednannannan Manny Kinwebhook
,nannannanFrontLock1nannanUnlockednannannan Manny Kinwebhook
,nannannanFrontLock1nannanUnlockednannannan Manny Kinwebhook
,nannannanFrontLock1nannanUnlockednannannan Manny Kinwebhook
,nannannanFrontLock1nannanUnlockednannannan Manny Kinwebhook
,nannannanFrontLock1nannanUnlockednannannan Manny Kinwebhook
,nannannanFrontLock1nannanUnlockednannannan Manny Kinwebhook
,nannannanFrontLock1nannanUnlockednannannan Manny Kinwebhook
,nannannanFrontLock1nannanUnlockednannannan Manny Kinwebhook
,nannannanFrontLock1nannanUnlockednannannan Manny Kinwebhook
,nannannanFrontLock1nannanUnlockednannannan Manny Kinwebhook
,nannannanFrontLock1nannanUnlockednannannan Manny Kinwebhook
,nannannanFrontLock1nannanUnlockednannannan Manny Kinwebhook
,nannannanFrontLock1nannanUnlockednannannan Manny Kinwebhook
,nannannanFrontLock1nannanUnlockednannannan Manny Kinwebhook
,nannannanFrontLock1nannanUnlockednannannan Manny Kinwebhook
,nannannanFrontLock1nannanUnlockednannannan Manny Kinwebhook
,nannannanFrontLock1nannanUnlockednannannan Manny Kinwebhook
,nannannanFrontLock1nannanUnlockednannannan Manny Kinwebhook
,nannannanFrontLock1nannanUnlockednannannan Manny Kinwebhook
,nannannanFrontLock1nannanUnlockednannannan Manny Kinwebhook
,nannannanFrontLock1nannanUnlockednannannan Manny Kinwebhook
,nannannanFrontLock1nannanUnlockednannannan Manny Kinwebhook
,nannannanFrontLock1nannanUnlockednannannan Manny Kinwebhook
,nannannanFrontLock1nannanUnlockednannannan Manny Kinwebhook
,nannannanFrontLock1nannanUnlockednannannan Manny Kinwebhook
,nannannanFrontLock1nannanUnlockednannannan Manny Kinwebhook
,nannannanFrontLock1nannanUnlockednannannan Manny Kinwebhook
,nannannanFrontLock1nannanUnlockednannannan Manny Kinwebhook
,nannannanFrontLock1nannanUnlockednannannan Manny Kinwebhook
,nannannanFrontLock1nannanUnlockednannannan Manny Kinwebhook
,nannannanFrontLock1nannanUnlockednannannan Manny Kinwebhook
,nannannanFrontLock1nannanUnlockednannannan Manny Kinwebhook
,nannannanFrontLock1nannanUnlockednannannan Manny Kinwebhook
,nannannanFrontLock1nannanUnlockednannannan Manny Kinwebhook
,nannannanFrontLock1nannanUnlockednannannan Manny Kinwebhook
,nannannanFrontLock1nannanUnlockednannannan Manny Kinwebhook
,nannannanFrontLock1nannanUnlockednannannan Manny Kinwebhook
,nannannanFrontLock1nannanUnlockednannannan Manny Kinwebhook
,nannannanFrontLock1nannanUnlockednannannan Manny Kinwebhook
,nannannanFrontLock1nannanUnlockednannannan Manny Kinwebhook
,nannannanFrontLock1nannanUnlockednannannan Manny Kinwebhook
,nannannanFrontLock1nannanUnlockednannannan Manny Kinwebhook
,nannannanFrontLock1nannanUnlockednannannan Manny Kinwebhook
,nannannanFrontLock1nannanUnlockednannannan Manny Kinwebhook
,nannannanFrontLock1nannanUnlockednannannan Manny Kinwebhook
,nannannanFrontLock1nannanUnlockednannannan Manny Kinwebhook
,nannannanFrontLock1nannanUnlockednannannan Manny Kinwebhook
,nannannanFrontLock1nannanUnlockednannannan Manny Kinwebhook
,nannannanFrontLock1nannanUnlockednannannan Manny Kinwebhook
,nannannanFrontLock1nannanUnlockednannannan Manny Kinwebhook
,nannannanFrontLock1nannanUnlockednannannan Manny Kinwebhook
,nannannanFrontLock1nannanUnlockednannannan Manny Kinwebhook
,nannannanRoom1Plug1nannanActivatednannannannanwebhook
,Manny KinnannanFrontLock1nannanLockednannannannanwebhook
,Manny KinnannanFrontLock1nannanLockednannannannanwebhook
,Manny KinnannanFrontLock1nannanLockednannannannanwebhook
,Manny KinnannanFrontLock1nannanLockednannannannanwebhook
,Manny KinnannanFrontLock1nannanLockednannannannanwebhook
,Manny KinnannanFrontLock1nannanLockednannannannanwebhook
,Manny KinnannanFrontLock1nannanLockednannannannanwebhook
,Manny KinnannanFrontLock1nannanLockednannannannanwebhook
,Manny KinnannanFrontLock1nannanLockednannannannanwebhook
,Manny KinnannanFrontLock1nannanLockednannannannanwebhook
,Manny KinnannanFrontLock1nannanLockednannannannanwebhook
,nannannanFrontLock1nannanUnlockednannannan Manny Kinwebhook
,nannannanFrontLock1nannanUnlockednannannan Manny Kinwebhook
,nannannanFrontLock1nannanUnlockednannannan Manny Kinwebhook
,Manny KinnannanFrontLock1nannanLockednannannannanwebhook
,Manny KinnannanFrontLock1nannanLockednannannannanwebhook
,nannannanFrontLock1nannanUnlockednannannan Manny Kinwebhook
,Manny KinnannanFrontLock1nannanLockednannannannanwebhook
,Manny KinnannanFrontLock1nannanLockednannannannanwebhook
,nannannanFrontLock1nannanUnlockednannannan Manny Kinwebhook
,Manny KinnannanFrontLock1nannanLockednannannannanwebhook
,Manny KinnannanFrontLock1nannanLockednannannannanwebhook
,Manny KinnannanFrontLock1nannanLockednannannannanwebhook
,nannannanFrontLock1nannanUnlockednannannan Manny Kinwebhook
,Manny KinnannanFrontLock1nannanLockednannannannanwebhook
,Manny KinnannanFrontLock1nannanLockednannannannanwebhook
,nannannanRoom1Plug1nannanDeactivatednannannannanwebhook
,nanVoice ActivationnanAlexa10.0nannannanRoom1Lamp7.0nanwebhook
,nanVoice ActivationnanAlexa10.0nannannanRoom1Lamp7.0nanwebhook
,nanVoice ActivationnanAlexa10.0nannannanRoom1Lamp7.0nanwebhook
,nanVoice DeactivationnanAlexa10.0nannannanRoom1Lamp7.0nanwebhook
,nanVoice DeactivationnanAlexa10.0nannannanRoom1Lamp7.0nanwebhook
,nanplay musicnanAlexanannannannannannannanwebhook
,nanplay musicnanAlexanannannannannannannanwebhook
,nannanPIR eventnannanExterior-Front Doornannannannannanwebhook
,Manny KinnannanFrontLock1nannanLockednannannannanwebhook
,nanplay musicnanAlexanannannannannannannanwebhook
,nannanPIR eventnannanExterior-Front Doornannannannannanwebhook
,Manny KinnannanFrontLock1nannanLockednannannannanwebhook
,Manny KinnannanFrontLock1nannanLockednannannannanwebhook
,nanplay musicnanAlexanannannannannannannanwebhook
,nannanmotionnannanExterior-Front Doornannannannannanwebhook
,Manny KinnannanFrontLock1nannanLockednannannannanwebhook
,nannanmotionnannanExterior-Front Doornannannannannanwebhook
,nannanmotionnannanExterior-Front Doornannannannannanwebhook
,nannanmotionnannanExterior-Front Doornannannannannanwebhook
,nannanmotionnannanExterior-Front Doornannannannannanwebhook
,nanVoice ActivationnanAlexa10.0nannannanRoom1Lamp7.0nanwebhook
,Manny KinnannanFrontLock1nannanLockednannannannanwebhook
,nanVoice ActivationnanAlexa10.0nannannanRoom1Lamp7.0nanwebhook
,Manny KinnannanFrontLock1nannanLockednannannannanwebhook
,nanVoice DeactivationnanAlexa10.0nannannanRoom1Lamp7.0nanwebhook
,nannanmotionnannanExterior-Front Doornannannannannanwebhook
,nanVoice ActivationnanAlexa10.0nannannanRoom1Lamp7.0nanwebhook
,nanVoice ActivationnanAlexa10.0nannannanRoom1Lamp7.0nanwebhook
,nannanmotionnannanExterior-Front Doornannannannannanwebhook
,nannanmotionnannanExterior-Front Doornannannannannanwebhook
,nanVoice ActivationnanAlexa10.0nannannanRoom1Lamp7.0nanwebhook
,nanVoice ActivationnanAlexa10.0nannannanRoom1Lamp7.0nanwebhook
,nanVoice ActivationnanAlexa10.0nannannanRoom1Lamp7.0nanwebhook
,nanVoice ActivationnanAlexa10.0nannannanRoom1Lamp7.0nanwebhook
,nanVoice ActivationnanAlexa10.0nannannanRoom1Lamp7.0nanwebhook
,nanVoice ActivationnanAlexa10.0nannannanRoom1Lamp7.0nanwebhook
,nanVoice ActivationnanAlexa10.0nannannanRoom1Lamp7.0nanwebhook
,nanVoice ActivationnanAlexa10.0nannannanRoom1Lamp7.0nanwebhook
,nanVoice ActivationnanAlexa10.0nannannanRoom1Lamp7.0nanwebhook
,nanVoice ActivationnanAlexa10.0nannannanRoom1Lamp7.0nanwebhook
,nanVoice ActivationnanAlexa10.0nannannanRoom1Lamp7.0nanwebhook
,nanVoice ActivationnanAlexa10.0nannannanRoom1Lamp7.0nanwebhook
,nanVoice ActivationnanAlexa10.0nannannanRoom1Lamp7.0nanwebhook
,nanVoice ActivationnanAlexa10.0nannannanRoom1Lamp7.0nanwebhook
,nanVoice ActivationnanAlexa10.0nannannanRoom1Lamp7.0nanwebhook
,nanVoice ActivationnanAlexa10.0nannannanRoom1Lamp7.0nanwebhook
,nanVoice ActivationnanAlexa10.0nannannanRoom1Lamp7.0nanwebhook
,nanVoice ActivationnanAlexa10.0nannannanRoom1Lamp7.0nanwebhook
,nanVoice ActivationnanAlexa10.0nannannanRoom1Lamp7.0nanwebhook
,nanVoice ActivationnanAlexa10.0nannannanRoom1Lamp7.0nanwebhook
,nanVoice ActivationnanAlexa10.0nannannanRoom1Lamp7.0nanwebhook
,nanVoice ActivationnanAlexa10.0nannannanRoom1Lamp7.0nanwebhook
,nanVoice ActivationnanAlexa10.0nannannanRoom1Lamp7.0nanwebhook
,nanVoice ActivationnanAlexa10.0nannannanRoom1Lamp7.0nanwebhook
,nanVoice ActivationnanAlexa10.0nannannanRoom1Lamp7.0nanwebhook
,nanVoice ActivationnanAlexa10.0nannannanRoom1Lamp7.0nanwebhook
,nanVoice ActivationnanAlexa10.0nannannanRoom1Lamp7.0nanwebhook
,nanVoice ActivationnanAlexa10.0nannannanRoom1Lamp7.0nanwebhook
,nannanmotionnannanExterior-Front Doornannannannannanwebhook
,nanVoice ActivationnanAlexa10.0nannannanRoom1Lamp7.0nanwebhook
,nanVoice ActivationnanAlexa10.0nannannanRoom1Lamp7.0nanwebhook
,nanVoice ActivationnanAlexa10.0nannannanRoom1Lamp7.0nanwebhook
,nanVoice ActivationnanAlexa10.0nannannanRoom1Lamp7.0nanwebhook
,nanVoice ActivationnanAlexa10.0nannannanRoom1Lamp7.0nanwebhook
,nanVoice DeactivationnanAlexa10.0nannannanRoom1Lamp7.0nanwebhook
,nanVoice ActivationnanAlexa10.0nannannanRoom1Lamp7.0nanwebhook
,nanVoice DeactivationnanAlexa10.0nannannanRoom1Lamp7.0nanwebhook
,nannanmotionnannanExterior-Front Doornannannannannanwebhook
,Manny KinnannanFrontLock1nannanLockednannannannanwebhook
,nannanmotionnannanExterior-Front Doornannannannannanwebhook
,Manny KinnannanFrontLock1nannanLockednannannannanwebhook
,nannanmotionnannanExterior-Front Doornannannannannanwebhook
,Manny KinnannanFrontLock1nannanLockednannannannanwebhook
,nannanmotionnannanExterior-Front Doornannannannannanwebhook
,Manny KinnannanFrontLock1nannanLockednannannannanwebhook
,nannanmotionnannanExterior-Front Doornannannannannanwebhook
,Manny KinnannanFrontLock1nannanLockednannannannanwebhook
,Manny KinnannanFrontLock1nannanLockednannannannanwebhook
,Manny KinnannanFrontLock1nannanLockednannannannanwebhook
,nannannanFrontLock1nannanUnlockednannannan Manual Unlockwebhook
,Manual LocknannanFrontLock1nannanLockednannannannanwebhook
,Manual LocknannanFrontLock1nannanLockednannannannanwebhook
,nannanmotionnannanExterior-Front Doornannannannannanwebhook
,nannanmotionnannanExterior-Front Doornannannannannanwebhook
,nannannanFrontLock1nannanUnlockednannannan Manny Kinwebhook
,nannannanFrontLock1nannanUnlockednannannan Manny Kinwebhook
,nannannanFrontLock1nannanUnlockednannannan Manny Kinwebhook
,nannanmotionnannanExterior-Front Doornannannannannanwebhook
,Manny KinnannanFrontLock1nannanLockednannannannanwebhook
,Manny KinnannanFrontLock1nannanLockednannannannanwebhook
,Manual LocknannanFrontLock1nannanLockednannannannanwebhook
,Manny KinnannanFrontLock1nannanLockednannannannanwebhook
,nannanmotionnannanExterior-Front Doornannannannannanwebhook
,nannannanFrontLock1nannanUnlockednannannan Manny Kinwebhook
,nannanmotionnannanExterior-Front Doornannannannannanwebhook
,Manny KinnannanFrontLock1nannanLockednannannannanwebhook
,nanVoice DeactivationnanAlexa10.0nannannanRoom1Lamp7.0nanwebhook
,nanVoice ActivationnanAlexa10.0nannannanRoom1Lamp7.0nanwebhook
,nanVoice ActivationnanAlexa10.0nannannanRoom1Lamp7.0nanwebhook
,Manny KinnannanFrontLock1nannanLockednannannannanwebhook
,nanVoice ActivationnanAlexa10.0nannannanRoom1Lamp7.0nanwebhook
,nanVoice ActivationnanAlexa10.0nannannanRoom1Lamp7.0nanwebhook
,nannannannannannanUnlockedLock1nannannanwebhook
,nanVoice ActivationnanAlexa10.0nannannanRoom1Lamp7.0nanwebhook
,nannannanFrontLock1nannanUnlockednannannan Manny Kinwebhook
,nannannanFrontLock1nannanUnlockednannannan Manny Kinwebhook
,Manny KinnannanFrontLock1nannanLockednannannannanwebhook
,nannannanFrontLock1nannanUnlockednannannan Manny Kinwebhook
,Manny KinnannanFrontLock1nannanLockednannannannanwebhook
,Manny KinnannanFrontLock1nannanLockednannannannanwebhook
,nannannanFrontLock1nannanUnlockednannannan Manny Kinwebhook
,nannannanFrontLock1nannanUnlockednannannan Manny Kinwebhook
,nannannanFrontLock1nannanUnlockednannannan Manny Kinwebhook
,nannannanFrontLock1nannanUnlockednannannan Manny Kinwebhook
,Manny KinnannanFrontLock1nannanLockednannannannanwebhook
,nannannanFrontLock1nannanUnlockednannannan Manny Kinwebhook
,nannannanFrontLock1nannanUnlockednannannan Manny Kinwebhook
,Manny KinnannanFrontLock1nannanLockednannannannanwebhook
,Manny KinnannanFrontLock1nannanLockednannannannanwebhook
,Manny KinnannanFrontLock1nannanLockednannannannanwebhook
,Manny KinnannanFrontLock1nannanLockednannannannanwebhook
,Manny KinnannanFrontLock1nannanLockednannannannanwebhook
,nannannanFrontLock1nannanUnlockednannannan Manny Kinwebhook
,Manny KinnannanFrontLock1nannanLockednannannannanwebhook
,nannannanFrontLock1nannanUnlockednannannan Manny Kinwebhook
,Manny KinnannanFrontLock1nannanLockednannannannanwebhook
,nannannanFrontLock1nannanUnlockednannannan Manny Kinwebhook
,Manny KinnannanFrontLock1nannanLockednannannannanwebhook
,nannannanFrontLock1nannanUnlockednannannan Manny Kinwebhook
,nanVoice ActivationnanAlexa10.0nannannanRoom1Lamp7.0nanwebhook
,Manny KinnannanFrontLock1nannanLockednannannannanwebhook
,Manual LocknannanFrontLock1nannanLockednannannannanwebhook
,Manual LocknannanFrontLock1nannanLockednannannannanwebhook
,nanVoice ActivationnanAlexa10.0nannannanRoom1Lamp7.0nanwebhook
,nanVoice DeactivationnanAlexa10.0nannannanRoom1Lamp7.0nanwebhook
,nanplay musicnanAlexanannannannannannannanwebhook
,nanVoice DeactivationnanAlexa10.0nannannanRoom1Lamp7.0nanwebhook
,nanVoice DeactivationnanAlexa10.0nannannanRoom1Lamp7.0nanwebhook
,nannanPIR eventnannanExterior-Front Doornannannannannanwebhook
,nannannanFrontLock1nannanUnlockednannannan Manny Kinwebhook
,nanVoice DeactivationnanAlexa10.0nannannanRoom1Lamp7.0nanwebhook
,nannanPIR eventnannanExterior-Front Doornannannannannanwebhook
,nannannanFrontLock1nannanUnlockednannannan Manny Kinwebhook
,nannanmotionnannanExterior-Front Doornannannannannanwebhook
,nanVoice DeactivationnanAlexa10.0nannannanRoom1Lamp7.0nanwebhook
,nannannanRoom1Plug2nannanActivatednannannannanwebhook
,Manny KinnannanFrontLock1nannanLockednannannannanwebhook
,nanVoice ActivationnanAlexa10.0nannannanRoom1Lamp7.0nanwebhook
,nannanmotionnannanExterior-Front Doornannannannannanwebhook
,nanVoice ActivationnanAlexa10.0nannannanRoom1Lamp7.0nanwebhook
,nannanmotionnannanExterior-Front Doornannannannannanwebhook
,nanVoice ActivationnanAlexa10.0nannannanRoom1Lamp7.0nanwebhook
,nannanmotionnannanExterior-Front Doornannannannannanwebhook
,nannannanRoom1LampnannanActivatednannannannanwebhook
,nannannanFrontLock1nannanUnlockednannannan Manny Kinwebhook
,nanVoice DeactivationnanAlexa10.0nannannanRoom1Lamp7.0nanwebhook
,nannanmotionnannanExterior-Front Doornannannannannanwebhook
,nannannanRoom1LampnannanActivatednannannannanwebhook
,nannanmotionnannanExterior-Front Doornannannannannanwebhook
,nannanmotionnannanExterior-Front Doornannannannannanwebhook
,nanVoice ActivationnanAlexa10.0nannannanRoom1Lamp7.0nanwebhook
,nannanmotionnannanExterior-Front Doornannannannannanwebhook
,nanVoice DeactivationnanAlexa10.0nannannanRoom1Lamp7.0nanwebhook
,nanVoice DeactivationnanAlexa10.0nannannanRoom1Lamp7.0nanwebhook
,nanVoice ActivationnanAlexa10.0nannannanRoom1Lamp7.0nanwebhook
,nannannanRoom1LampnannanActivatednannannannanwebhook
,nanVoice DeactivationnanAlexa10.0nannannanRoom1Lamp7.0nanwebhook
,Manny KinnannanFrontLock1nannanLockednannannannanwebhook
,nanVoice DeactivationnanAlexa10.0nannannanRoom1Lamp7.0nanwebhook
,nanVoice DeactivationnanAlexa10.0nannannanRoom1Lamp7.0nanwebhook
,nanVoice DeactivationnanAlexa10.0nannannanRoom1Lamp7.0nanwebhook
,Manny KinnannanFrontLock1nannanLockednannannannanwebhook
,nanVoice DeactivationnanAlexa10.0nannannanRoom1Lamp7.0nanwebhook
,nannanmotionnannanExterior-Front Doornannannannannanwebhook
,nanVoice DeactivationnanAlexa10.0nannannanRoom1Lamp7.0nanwebhook
,nanVoice DeactivationnanAlexa10.0nannannanRoom1Lamp7.0nanwebhook
,Manny KinnannanFrontLock1nannanLockednannannannanwebhook
,nanVoice DeactivationnanAlexa10.0nannannanRoom1Lamp7.0nanwebhook
,nanVoice DeactivationnanAlexa10.0nannannanRoom1Lamp7.0nanwebhook
,Manny KinnannanFrontLock1nannanLockednannannannanwebhook
,nanVoice ActivationnanAlexa10.0nannannanRoom1Lamp7.0nanwebhook
,nanVoice DeactivationnanAlexa10.0nannannanRoom1Lamp7.0nanwebhook
,nannannanRoom1Plug2nannanActivatednannannannanwebhook
,nanVoice DeactivationnanAlexa10.0nannannanRoom1Lamp7.0nanwebhook
,nannannanRoom1LampnannanActivatednannannannanwebhook
,nannanmotionnannanExterior-Front Doornannannannannanwebhook
,nannanmotionnannanExterior-Front Doornannannannannanwebhook
,nanVoice DeactivationnanAlexa10.0nannannanRoom1Lamp7.0nanwebhook
,Manny KinnannanFrontLock1nannanLockednannannannanwebhook
,nannanmotionnannanExterior-Front Doornannannannannanwebhook
,nanVoice DeactivationnanAlexa10.0nannannanRoom1Lamp7.0nanwebhook
,nanVoice DeactivationnanAlexa10.0nannannanRoom1Lamp7.0nanwebhook
,nanVoice DeactivationnanAlexa10.0nannannanRoom1Lamp7.0nanwebhook
,nanVoice DeactivationnanAlexa10.0nannannanRoom1Lamp7.0nanwebhook
,nanVoice ActivationnanAlexa10.0nannannanRoom1Lamp7.0nanwebhook
,nanVoice ActivationnanAlexa10.0nannannanRoom1Lamp7.0nanwebhook
,Manny KinnannanFrontLock1nannanLockednannannannanwebhook
,nanVoice ActivationnanAlexa10.0nannannanRoom1Lamp7.0nanwebhook
,nannanmotionnannanExterior-Front Doornannannannannanwebhook
,nannannanFrontLock1nannanUnlockednannannan Manny Kinwebhook
,nannanmotionnannanExterior-Front Doornannannannannanwebhook
,Manny KinnannanFrontLock1nannanLockednannannannanwebhook
,nannanmotionnannanExterior-Front Doornannannannannanwebhook
,nannanmotionnannanExterior-Front Doornannannannannanwebhook
,Manny KinnannanFrontLock1nannanLockednannannannanwebhook
,nannanmotionnannanExterior-Front Doornannannannannanwebhook
,Manny KinnannanFrontLock1nannanLockednannannannanwebhook
,nannannanFrontLock1nannanUnlockednannannan Manny Kinwebhook
,nannannanFrontLock1nannanUnlockednannannan Manny Kinwebhook
,nannanmotionnannanExterior-Front Doornannannannannanwebhook
,Manual LocknannanFrontLock1nannanLockednannannannanwebhook
,Manny KinnannanFrontLock1nannanLockednannannannanwebhook
,nannannanFrontLock1nannanUnlockednannannan Manual Unlockwebhook
,nannanmotionnannanExterior-Front Doornannannannannanwebhook
,nannanmotionnannanExterior-Front Doornannannannannanwebhook
,nannannanFrontLock1nannanUnlockednannannan Manny Kinwebhook
,nannannanFrontLock1nannanUnlockednannannan Manny Kinwebhook
,nannanmotionnannanExterior-Front Doornannannannannanwebhook
,Manny KinnannanFrontLock1nannanLockednannannannanwebhook
,nannannanFrontLock1nannanUnlockednannannan Manny Kinwebhook
,Manny KinnannanFrontLock1nannanLockednannannannanwebhook
,nannannanFrontLock1nannanUnlockednannannan Manual Unlockwebhook
,nannannanFrontLock1nannanUnlockednannannan Manny Kinwebhook
,nannanmotionnannanExterior-Front Doornannannannannanwebhook
,nannanmotionnannanExterior-Front Doornannannannannanwebhook
,nannanmotionnannanExterior-Front Doornannannannannanwebhook
,nannannanFrontLock1nannanUnlockednannannan Manny Kinwebhook
,nannanmotionnannanExterior-Front Doornannannannannanwebhook
,nanVoice DeactivationnanAlexa10.0nannannanRoom1Lamp7.0nanwebhook
,nanVoice ActivationnanAlexa10.0nannannanRoom1Lamp7.0nanwebhook
,nannannanFrontLock1nannanUnlockednannannan Manny Kinwebhook
,Manny KinnannanFrontLock1nannanLockednannannannanwebhook
,nanVoice DeactivationnanAlexa10.0nannannanRoom1Lamp7.0nanwebhook
,nannannannannannanUnlockedLock1nannannanwebhook
,nannannanRoom1Plug2nannanActivatednannannannanwebhook
,Manny KinnannanFrontLock1nannanLockednannannannanwebhook
,Manny KinnannanFrontLock1nannanLockednannannannanwebhook
,nannannanFrontLock1nannanUnlockednannannan Manny Kinwebhook
,Manny KinnannanFrontLock1nannanLockednannannannanwebhook
,nannannanFrontLock1nannanUnlockednannannan Manny Kinwebhook
,nannannanFrontLock1nannanUnlockednannannan Manny Kinwebhook
,Manny KinnannanFrontLock1nannanLockednannannannanwebhook
,Manny KinnannanFrontLock1nannanLockednannannannanwebhook
,Manny KinnannanFrontLock1nannanLockednannannannanwebhook
,Manny KinnannanFrontLock1nannanLockednannannannanwebhook
,nannannanFrontLock1nannanUnlockednannannan Manny Kinwebhook
,nannannanFrontLock1nannanUnlockednannannan Manny Kinwebhook
,Manny KinnannanFrontLock1nannanLockednannannannanwebhook
,Manny KinnannanFrontLock1nannanLockednannannannanwebhook
,nannannanFrontLock1nannanUnlockednannannan Manny Kinwebhook
,nannannanFrontLock1nannanUnlockednannannan Manny Kinwebhook
,Manny KinnannanFrontLock1nannanLockednannannannanwebhook
,Manny KinnannanFrontLock1nannanLockednannannannanwebhook
,nannannanFrontLock1nannanUnlockednannannan Manny Kinwebhook
,nannannanFrontLock1nannanUnlockednannannan Manny Kinwebhook
,Manny KinnannanFrontLock1nannanLockednannannannanwebhook
,nannannanFrontLock1nannanUnlockednannannan Manny Kinwebhook
,nannannanFrontLock1nannanUnlockednannannan Manny Kinwebhook
,nannannanFrontLock1nannanUnlockednannannan Manny Kinwebhook
,Manny KinnannanFrontLock1nannanLockednannannannanwebhook
,nanVoice DeactivationnanAlexa10.0nannannanRoom1Lamp7.0nanwebhook
,nanVoice ActivationnanAlexa10.0nannannanRoom1Lamp7.0nanwebhook
,nannannanFrontLock1nannanUnlockednannannan Manny Kinwebhook
,nannannanFrontLock1nannanUnlockednannannan Manny Kinwebhook
,Manny KinnannanFrontLock1nannanLockednannannannanwebhook
,Manny KinnannanFrontLock1nannanLockednannannannanwebhook
,nanVoice DeactivationnanAlexa10.0nannannanRoom1Lamp7.0nanwebhook
,nannanPIR eventnannanExterior-Front Doornannannannannanwebhook
,Manual LocknannanFrontLock1nannanLockednannannannanwebhook
,nannanPIR eventnannanExterior-Front Doornannannannannanwebhook
,nanplay musicnanAlexanannannannannannannanwebhook
,nanVoice DeactivationnanAlexa10.0nannannanRoom1Lamp7.0nanwebhook
,nannanPIR eventnannanExterior-Front Doornannannannannanwebhook
,Manny KinnannanFrontLock1nannanLockednannannannanwebhook
,nannanmotionnannanExterior-Front Doornannannannannanwebhook
,nanVoice DeactivationnanAlexa10.0nannannanRoom1Lamp7.0nanwebhook
,Manny KinnannanFrontLock1nannanLockednannannannanwebhook
,nannanmotionnannanExterior-Front Doornannannannannanwebhook
,nanVoice ActivationnanAlexa10.0nannannanRoom1Lamp7.0nanwebhook
,Manny KinnannanFrontLock1nannanLockednannannannanwebhook
,nanplay musicnanAlexanannannannannannannanwebhook
,nannanmotionnannanExterior-Front Doornannannannannanwebhook
,nanVoice DeactivationnanAlexa10.0nannannanRoom1Lamp7.0nanwebhook
,nannanmotionnannanExterior-Front Doornannannannannanwebhook
,nannanmotionnannanExterior-Front Doornannannannannanwebhook
,nanVoice DeactivationnanAlexa10.0nannannanRoom1Lamp7.0nanwebhook
,nannanmotionnannanExterior-Front Doornannannannannanwebhook
,nanVoice ActivationnanAlexa10.0nannannanRoom1Lamp7.0nanwebhook
,nanVoice DeactivationnanAlexa10.0nannannanRoom1Lamp7.0nanwebhook
,nannanmotionnannanExterior-Front Doornannannannannanwebhook
,nanVoice ActivationnanAlexa10.0nannannanRoom1Lamp7.0nanwebhook
,nanVoice DeactivationnanAlexa10.0nannannanRoom1Lamp7.0nanwebhook
,nanVoice DeactivationnanAlexa10.0nannannanRoom1Lamp7.0nanwebhook
,Manny KinnannanFrontLock1nannanLockednannannannanwebhook
,Manny KinnannanFrontLock1nannanLockednannannannanwebhook
,nanVoice DeactivationnanAlexa10.0nannannanRoom1Lamp7.0nanwebhook
,nanVoice DeactivationnanAlexa10.0nannannanRoom1Lamp7.0nanwebhook
,Manny KinnannanFrontLock1nannanLockednannannannanwebhook
,nanVoice DeactivationnanAlexa10.0nannannanRoom1Lamp7.0nanwebhook
,Manny KinnannanFrontLock1nannanLockednannannannanwebhook
,Manny KinnannanFrontLock1nannanLockednannannannanwebhook
,Manny KinnannanFrontLock1nannanLockednannannannanwebhook
,nannannanFrontLock1nannanUnlockednannannan Manny Kinwebhook
,Manny KinnannanFrontLock1nannanLockednannannannanwebhook
,nannanmotionnannanExterior-Front Doornannannannannanwebhook
,Manny KinnannanFrontLock1nannanLockednannannannanwebhook
,Manny KinnannanFrontLock1nannanLockednannannannanwebhook
,nannannanFrontLock1nannanUnlockednannannan Manny Kinwebhook
,Manny KinnannanFrontLock1nannanLockednannannannanwebhook
,Manny KinnannanFrontLock1nannanLockednannannannanwebhook
,nannannanFrontLock1nannanUnlockednannannan Manny Kinwebhook
,nanVoice DeactivationnanAlexa10.0nannannanRoom1Lamp7.0nanwebhook
,Manny KinnannanFrontLock1nannanLockednannannannanwebhook
,nannannanRoom1LampnannanActivatednannannannanwebhook
,Manny KinnannanFrontLock1nannanLockednannannannanwebhook
,nannanmotionnannanExterior-Front Doornannannannannanwebhook
,nannanmotionnannanExterior-Front Doornannannannannanwebhook
,nannanmotionnannanExterior-Front Doornannannannannanwebhook
,Manny KinnannanFrontLock1nannanLockednannannannanwebhook
,nannannanFrontLock1nannanUnlockednannannan Manny Kinwebhook
,nanVoice DeactivationnanAlexa10.0nannannanRoom1Lamp7.0nanwebhook
,nannanmotionnannanExterior-Front Doornannannannannanwebhook
,Manny KinnannanFrontLock1nannanLockednannannannanwebhook
,Manny KinnannanFrontLock1nannanLockednannannannanwebhook
,Manny KinnannanFrontLock1nannanLockednannannannanwebhook
,Manny KinnannanFrontLock1nannanLockednannannannanwebhook
,nanVoice ActivationnanAlexa10.0nannannanRoom1Lamp7.0nanwebhook
,nannanmotionnannanExterior-Front Doornannannannannanwebhook
,nanVoice DeactivationnanAlexa10.0nannannanRoom1Lamp7.0nanwebhook
,nannanmotionnannanExterior-Front Doornannannannannanwebhook
,nannanmotionnannanExterior-Front Doornannannannannanwebhook
,Manny KinnannanFrontLock1nannanLockednannannannanwebhook
,Manny KinnannanFrontLock1nannanLockednannannannanwebhook
,nannannanFrontLock1nannanUnlockednannannan Manny Kinwebhook
,nannanmotionnannanExterior-Front Doornannannannannanwebhook
,nannanmotionnannanExterior-Front Doornannannannannanwebhook
,nannannanRoom1Plug2nannanActivatednannannannanwebhook
,nannannanFrontLock1nannanUnlockednannannan Manny Kinwebhook
,Manny KinnannanFrontLock1nannanLockednannannannanwebhook
,Manny KinnannanFrontLock1nannanLockednannannannanwebhook
,Manual LocknannanFrontLock1nannanLockednannannannanwebhook
,Manual LocknannanFrontLock1nannanLockednannannannanwebhook
,nannanmotionnannanExterior-Front Doornannannannannanwebhook
,Manny KinnannanFrontLock1nannanLockednannannannanwebhook
,nannannanRoom1Plug1nannanActivatednannannannanwebhook
,nannanmotionnannanExterior-Front Doornannannannannanwebhook
,nannannanFrontLock1nannanUnlockednannannan Manny Kinwebhook
,nannanmotionnannanExterior-Front Doornannannannannanwebhook
,Manny KinnannanFrontLock1nannanLockednannannannanwebhook
,Manny KinnannanFrontLock1nannanLockednannannannanwebhook
,Manny KinnannanFrontLock1nannanLockednannannannanwebhook
,nannannanFrontLock1nannanUnlockednannannan Manny Kinwebhook
,Manual LocknannanFrontLock1nannanLockednannannannanwebhook
,nannanmotionnannanExterior-Front Doornannannannannanwebhook
,Manny KinnannanFrontLock1nannanLockednannannannanwebhook
,nannanmotionnannanExterior-Front Doornannannannannanwebhook
,Manny KinnannanFrontLock1nannanLockednannannannanwebhook
,nanVoice DeactivationnanAlexa10.0nannannanRoom1Lamp7.0nanwebhook
,nannanmotionnannanExterior-Front Doornannannannannanwebhook
,nannanmotionnannanExterior-Front Doornannannannannanwebhook
,nanVoice DeactivationnanAlexa10.0nannannanRoom1Lamp7.0nanwebhook
,nanVoice ActivationnanAlexa10.0nannannanRoom1Lamp7.0nanwebhook
,nannanmotionnannanExterior-Front Doornannannannannanwebhook
,Manny KinnannanFrontLock1nannanLockednannannannanwebhook
,nannannannannannanUnlockedLock1nannannanwebhook
,nanVoice ActivationnanAlexa10.0nannannanRoom1Lamp7.0nanwebhook
,nannannanFrontLock1nannanUnlockednannannan Manny Kinwebhook
,Manny KinnannanFrontLock1nannanLockednannannannanwebhook
,Manny KinnannanFrontLock1nannanLockednannannannanwebhook
,Manny KinnannanFrontLock1nannanLockednannannannanwebhook
,Manny KinnannanFrontLock1nannanLockednannannannanwebhook
,Manny KinnannanFrontLock1nannanLockednannannannanwebhook
,nannannanFrontLock1nannanUnlockednannannan Manny Kinwebhook
,nannannanFrontLock1nannanUnlockednannannan Manny Kinwebhook
,nannannanFrontLock1nannanUnlockednannannan Manny Kinwebhook
,Manny KinnannanFrontLock1nannanLockednannannannanwebhook
,nannannanFrontLock1nannanUnlockednannannan Manny Kinwebhook
,Manny KinnannanFrontLock1nannanLockednannannannanwebhook
,Manny KinnannanFrontLock1nannanLockednannannannanwebhook
,nannannanFrontLock1nannanUnlockednannannan Manny Kinwebhook
,Manny KinnannanFrontLock1nannanLockednannannannanwebhook
,nannannanFrontLock1nannanUnlockednannannan Manny Kinwebhook
,Manny KinnannanFrontLock1nannanLockednannannannanwebhook
,nannannanFrontLock1nannanUnlockednannannan Manny Kinwebhook
,Manny KinnannanFrontLock1nannanLockednannannannanwebhook
,Manny KinnannanFrontLock1nannanLockednannannannanwebhook
,Manny KinnannanFrontLock1nannanLockednannannannanwebhook
,Manny KinnannanFrontLock1nannanLockednannannannanwebhook
,Manny KinnannanFrontLock1nannanLockednannannannanwebhook
,Manny KinnannanFrontLock1nannanLockednannannannanwebhook
,nanVoice ActivationnanAlexa10.0nannannanRoom1Lamp7.0nanwebhook
,nanVoice ActivationnanAlexa10.0nannannanRoom1Lamp7.0nanwebhook
,nanVoice DeactivationnanAlexa10.0nannannanRoom1Lamp7.0nanwebhook
,nanVoice ActivationnanAlexa10.0nannannanRoom1Lamp7.0nanwebhook
,nanVoice ActivationnanAlexa10.0nannannanRoom1Lamp7.0nanwebhook
,nanVoice DeactivationnanAlexa10.0nannannanRoom1Lamp7.0nanwebhook
,nannannanFrontLock1nannanUnlockednannannan Manual Unlockwebhook
,nanVoice DeactivationnanAlexa10.0nannannanRoom1Lamp7.0nanwebhook
,nannanPIR eventnannanExterior-Front Doornannannannannanwebhook
,Manny KinnannanFrontLock1nannanLockednannannannanwebhook
,nannanPIR eventnannanExterior-Front Doornannannannannanwebhook
,nanVoice DeactivationnanAlexa10.0nannannanRoom1Lamp7.0nanwebhook
,Manny KinnannanFrontLock1nannanLockednannannannanwebhook
,nannanPIR eventnannanExterior-Front Doornannannannannanwebhook
,nannanmotionnannanExterior-Front Doornannannannannanwebhook
,nannanmotionnannanExterior-Front Doornannannannannanwebhook
,Manual LocknannanFrontLock1nannanLockednannannannanwebhook
,nannanmotionnannanExterior-Front Doornannannannannanwebhook
,nannannanFrontLock1nannanUnlockednannannan Manny Kinwebhook
,nanplay musicnanAlexanannannannannannannanwebhook
,nannanmotionnannanExterior-Front Doornannannannannanwebhook
,nannannanRoom1LampnannanActivatednannannannanwebhook
,nannanmotionnannanExterior-Front Doornannannannannanwebhook
,Manny KinnannanFrontLock1nannanLockednannannannanwebhook
,nannanmotionnannanExterior-Front Doornannannannannanwebhook
,nannanmotionnannanExterior-Front Doornannannannannanwebhook
,nanVoice DeactivationnanAlexa10.0nannannanRoom1Lamp7.0nanwebhook
,nanVoice ActivationnanAlexa10.0nannannanRoom1Lamp7.0nanwebhook
,nanVoice DeactivationnanAlexa10.0nannannanRoom1Lamp7.0nanwebhook
,nanVoice DeactivationnanAlexa10.0nannannanRoom1Lamp7.0nanwebhook
,nanVoice DeactivationnanAlexa10.0nannannanRoom1Lamp7.0nanwebhook
,nanVoice DeactivationnanAlexa10.0nannannanRoom1Lamp7.0nanwebhook
,Manny KinnannanFrontLock1nannanLockednannannannanwebhook
,Manny KinnannanFrontLock1nannanLockednannannannanwebhook
,nannanmotionnannanExterior-Front Doornannannannannanwebhook
,nannanmotionnannanExterior-Front Doornannannannannanwebhook
,Manny KinnannanFrontLock1nannanLockednannannannanwebhook
,Manny KinnannanFrontLock1nannanLockednannannannanwebhook
,nannannanFrontLock1nannanUnlockednannannan Manny Kinwebhook
,nannanmotionnannanExterior-Front Doornannannannannanwebhook
,nannannanFrontLock1nannanUnlockednannannan Manny Kinwebhook
,nannannanFrontLock1nannanUnlockednannannan Manny Kinwebhook
,nannannanFrontLock1nannanUnlockednannannan Manny Kinwebhook
,nanVoice ActivationnanAlexa10.0nannannanRoom1Lamp7.0nanwebhook
,nannannanFrontLock1nannanUnlockednannannan Manny Kinwebhook
,nannanmotionnannanExterior-Front Doornannannannannanwebhook
,nannannanFrontLock1nannanUnlockednannannan Manny Kinwebhook
,nannannanFrontLock1nannanUnlockednannannan Manny Kinwebhook
,nanVoice ActivationnanAlexa10.0nannannanRoom1Lamp7.0nanwebhook
,nannannanFrontLock1nannanUnlockednannannan Manny Kinwebhook
,nannanmotionnannanExterior-Front Doornannannannannanwebhook
,nanVoice ActivationnanAlexa10.0nannannanRoom1Lamp7.0nanwebhook
,Manny KinnannanFrontLock1nannanLockednannannannanwebhook
,nannannanFrontLock1nannanUnlockednannannan Manny Kinwebhook
,nannanmotionnannanExterior-Front Doornannannannannanwebhook
,nannanmotionnannanExterior-Front Doornannannannannanwebhook
,nannanmotionnannanExterior-Front Doornannannannannanwebhook
,nanVoice ActivationnanAlexa10.0nannannanRoom1Lamp7.0nanwebhook
,nanVoice DeactivationnanAlexa10.0nannannanRoom1Lamp7.0nanwebhook
,nannanmotionnannanExterior-Front Doornannannannannanwebhook
,nannanmotionnannanExterior-Front Doornannannannannanwebhook
,nanVoice ActivationnanAlexa10.0nannannanRoom1Lamp7.0nanwebhook
,nannanmotionnannanExterior-Front Doornannannannannanwebhook
,nannanmotionnannanExterior-Front Doornannannannannanwebhook
,nannanmotionnannanExterior-Front Doornannannannannanwebhook
,nannannanFrontLock1nannanUnlockednannannan Manny Kinwebhook
,nannannanRoom1LampnannanActivatednannannannanwebhook
,nanVoice DeactivationnanAlexa10.0nannannanRoom1Lamp7.0nanwebhook
,nannanmotionnannanExterior-Front Doornannannannannanwebhook
,Manny KinnannanFrontLock1nannanLockednannannannanwebhook
,nanVoice ActivationnanAlexa10.0nannannanRoom1Lamp7.0nanwebhook
,nannanmotionnannanExterior-Front Doornannannannannanwebhook
,nannannanFrontLock1nannanUnlockednannannan Manny Kinwebhook
,nannannanFrontLock1nannanUnlockednannannan Manny Kinwebhook
,Manny KinnannanFrontLock1nannanLockednannannannanwebhook
,Manny KinnannanFrontLock1nannanLockednannannannanwebhook
,nannanmotionnannanExterior-Front Doornannannannannanwebhook
,nannanmotionnannanExterior-Front Doornannannannannanwebhook
,Manny KinnannanFrontLock1nannanLockednannannannanwebhook
,nannannanFrontLock1nannanUnlockednannannan Manny Kinwebhook
,nannanmotionnannanExterior-Front Doornannannannannanwebhook
,nannannanFrontLock1nannanUnlockednannannan Manny Kinwebhook
,nannannanFrontLock1nannanUnlockednannannan Manual Unlockwebhook
,nannanmotionnannanExterior-Front Doornannannannannanwebhook
,nannannanFrontLock1nannanUnlockednannannan Manual Unlockwebhook
,nannanmotionnannanExterior-Front Doornannannannannanwebhook
,nannanmotionnannanExterior-Front Doornannannannannanwebhook
,nannanmotionnannanExterior-Front Doornannannannannanwebhook
,Manny KinnannanFrontLock1nannanLockednannannannanwebhook
,Manny KinnannanFrontLock1nannanLockednannannannanwebhook
,Manny KinnannanFrontLock1nannanLockednannannannanwebhook
,Manny KinnannanFrontLock1nannanLockednannannannanwebhook
,Manual LocknannanFrontLock1nannanLockednannannannanwebhook
,Manny KinnannanFrontLock1nannanLockednannannannanwebhook
,nannanmotionnannanExterior-Front Doornannannannannanwebhook
,nannanmotionnannanExterior-Front Doornannannannannanwebhook
,Manny KinnannanFrontLock1nannanLockednannannannanwebhook
,nannanmotionnannanExterior-Front Doornannannannannanwebhook
,nannanmotionnannanExterior-Front Doornannannannannanwebhook
,Manny KinnannanFrontLock1nannanLockednannannannanwebhook
,nannanmotionnannanExterior-Front Doornannannannannanwebhook
,nannanmotionnannanExterior-Front Doornannannannannanwebhook
,Manny KinnannanFrontLock1nannanLockednannannannanwebhook
,nannanmotionnannanExterior-Front Doornannannannannanwebhook
,nannanmotionnannanExterior-Front Doornannannannannanwebhook
,
,nanVoice DeactivationnanAlexa10.0nannannanRoom1Lamp7.0nanwebhook
,Manny KinnannanFrontLock1nannanLockednannannannanwebhook
,nannannanFrontLock1nannanUnlockednannannan Manny Kinwebhook
,nannannanFrontLock1nannanUnlockednannannan Manny Kinwebhook
,nannannanFrontLock1nannanUnlockednannannan Manny Kinwebhook
,Manny KinnannanFrontLock1nannanLockednannannannanwebhook
,nannannanFrontLock1nannanUnlockednannannan Manny Kinwebhook
,Manny KinnannanFrontLock1nannanLockednannannannanwebhook
,Manny KinnannanFrontLock1nannanLockednannannannanwebhook
,Manny KinnannanFrontLock1nannanLockednannannannanwebhook
,nannannanFrontLock1nannanUnlockednannannan Manny Kinwebhook
,nannannanFrontLock1nannanUnlockednannannan Manny Kinwebhook
,Manny KinnannanFrontLock1nannanLockednannannannanwebhook
,nannannanFrontLock1nannanUnlockednannannan Manny Kinwebhook
,Manny KinnannanFrontLock1nannanLockednannannannanwebhook
,Manny KinnannanFrontLock1nannanLockednannannannanwebhook
,Manny KinnannanFrontLock1nannanLockednannannannanwebhook
,nannannanFrontLock1nannanUnlockednannannan Manny Kinwebhook
,Manny KinnannanFrontLock1nannanLockednannannannanwebhook
,nannannanFrontLock1nannanUnlockednannannan Manny Kinwebhook
,Manny KinnannanFrontLock1nannanLockednannannannanwebhook
,nannannanFrontLock1nannanUnlockednannannan Manny Kinwebhook
,nannannanFrontLock1nannanUnlockednannannan Manny Kinwebhook
,nannannanFrontLock1nannanUnlockednannannan Manny Kinwebhook
,nanVoice ActivationnanAlexa10.0nannannanRoom1Lamp7.0nanwebhook
,nanVoice DeactivationnanAlexa10.0nannannanRoom1Lamp7.0nanwebhook
,nanVoice DeactivationnanAlexa10.0nannannanRoom1Lamp7.0nanwebhook
,nannannanRoom1Plug2nannanActivatednannannannanwebhook
,Manual LocknannanFrontLock1nannanLockednannannannanwebhook
,nanVoice ActivationnanAlexa10.0nannannanRoom1Lamp7.0nanwebhook
,nannannanRoom1Plug1nannanActivatednannannannanwebhook
,Manny KinnannanFrontLock1nannanLockednannannannanwebhook
,Manual LocknannanFrontLock1nannanLockednannannannanwebhook
,nannanPIR eventnannanExterior-Front Doornannannannannanwebhook
,nannannanFrontLock1nannanUnlockednannannan Manny Kinwebhook
,nannanPIR eventnannanExterior-Front Doornannannannannanwebhook
,nanVoice DeactivationnanAlexa10.0nannannanRoom1Lamp7.0nanwebhook
,nannannanFrontLock1nannanUnlockednannannan Manny Kinwebhook
,Manny KinnannanFrontLock1nannanLockednannannannanwebhook
,nannanmotionnannanExterior-Front Doornannannannannanwebhook
,nannanmotionnannanExterior-Front Doornannannannannanwebhook
,nannannanFrontLock1nannanUnlockednannannan Manual Unlockwebhook
,nannanmotionnannanExterior-Front Doornannannannannanwebhook
,nannanmotionnannanExterior-Front Doornannannannannanwebhook
,nannannanRoom1LampnannanActivatednannannannanwebhook
,nannannanFrontLock1nannanUnlockednannannan Manny Kinwebhook
,nanVoice DeactivationnanAlexa10.0nannannanRoom1Lamp7.0nanwebhook
,nannanmotionnannanExterior-Front Doornannannannannanwebhook
,nannanmotionnannanExterior-Front Doornannannannannanwebhook
,nannannanFrontLock1nannanUnlockednannannan Manny Kinwebhook
,Manny KinnannanFrontLock1nannanLockednannannannanwebhook
,nannanmotionnannanExterior-Front Doornannannannannanwebhook
,nanVoice DeactivationnanAlexa10.0nannannanRoom1Lamp7.0nanwebhook
,Manny KinnannanFrontLock1nannanLockednannannannanwebhook
,Manny KinnannanFrontLock1nannanLockednannannannanwebhook
,Manny KinnannanFrontLock1nannanLockednannannannanwebhook
,Manny KinnannanFrontLock1nannanLockednannannannanwebhook
,nannannanFrontLock1nannanUnlockednannannan Manny Kinwebhook
,nannannanFrontLock1nannanUnlockednannannan Manny Kinwebhook
,nannanmotionnannanExterior-Front Doornannannannannanwebhook
,nannanmotionnannanExterior-Front Doornannannannannanwebhook
,nannanmotionnannanExterior-Front Doornannannannannanwebhook
,nannannanFrontLock1nannanUnlockednannannan Manny Kinwebhook
,nanVoice ActivationnanAlexa10.0nannannanRoom1Lamp7.0nanwebhook
,nannanmotionnannanExterior-Front Doornannannannannanwebhook
,nanVoice ActivationnanAlexa10.0nannannanRoom1Lamp7.0nanwebhook
,nanVoice ActivationnanAlexa10.0nannannanRoom1Lamp7.0nanwebhook
,nanVoice ActivationnanAlexa10.0nannannanRoom1Lamp7.0nanwebhook
,nanVoice DeactivationnanAlexa10.0nannannanRoom1Lamp7.0nanwebhook
,nanVoice ActivationnanAlexa10.0nannannanRoom1Lamp7.0nanwebhook
,nannanmotionnannanExterior-Front Doornannannannannanwebhook
,nanVoice ActivationnanAlexa10.0nannannanRoom1Lamp7.0nanwebhook
,nanVoice ActivationnanAlexa10.0nannannanRoom1Lamp7.0nanwebhook
,nanVoice DeactivationnanAlexa10.0nannannanRoom1Lamp7.0nanwebhook
,nanVoice ActivationnanAlexa10.0nannannanRoom1Lamp7.0nanwebhook
,nannanmotionnannanExterior-Front Doornannannannannanwebhook
,nanVoice ActivationnanAlexa10.0nannannanRoom1Lamp7.0nanwebhook
,nannannanFrontLock1nannanUnlockednannannan Manny Kinwebhook
,nanVoice ActivationnanAlexa10.0nannannanRoom1Lamp7.0nanwebhook
,nannanmotionnannanExterior-Front Doornannannannannanwebhook
,nannanmotionnannanExterior-Front Doornannannannannanwebhook
,nannanmotionnannanExterior-Front Doornannannannannanwebhook
,nanVoice DeactivationnanAlexa10.0nannannanRoom1Lamp7.0nanwebhook
,Manny KinnannanFrontLock1nannanLockednannannannanwebhook
,nannanmotionnannanExterior-Front Doornannannannannanwebhook
,nannanmotionnannanExterior-Front Doornannannannannanwebhook
,nannannanRoom1LampnannanActivatednannannannanwebhook
,Manny KinnannanFrontLock1nannanLockednannannannanwebhook
,nannanmotionnannanExterior-Front Doornannannannannanwebhook
,nannanmotionnannanExterior-Front Doornannannannannanwebhook
,nanVoice ActivationnanAlexa10.0nannannanRoom1Lamp7.0nanwebhook
,nannanmotionnannanExterior-Front Doornannannannannanwebhook
,Manny KinnannanFrontLock1nannanLockednannannannanwebhook
,nannannanFrontLock1nannanUnlockednannannan Manny Kinwebhook
,nannannanFrontLock1nannanUnlockednannannan Manny Kinwebhook
,Manny KinnannanFrontLock1nannanLockednannannannanwebhook
,Manny KinnannanFrontLock1nannanLockednannannannanwebhook
,Manny KinnannanFrontLock1nannanLockednannannannanwebhook
,nannanmotionnannanExterior-Front Doornannannannannanwebhook
,nannanmotionnannanExterior-Front Doornannannannannanwebhook
,nannanmotionnannanExterior-Front Doornannannannannanwebhook
,nannanmotionnannanExterior-Front Doornannannannannanwebhook
,nannanmotionnannanExterior-Front Doornannannannannanwebhook
,nannannanFrontLock1nannanUnlockednannannan Manny Kinwebhook
,Manny KinnannanFrontLock1nannanLockednannannannanwebhook
,Manual LocknannanFrontLock1nannanLockednannannannanwebhook
,nannannanFrontLock1nannanUnlockednannannan Manual Unlockwebhook
,nannannanFrontLock1nannanUnlockednannannan Manual Unlockwebhook
,Manny KinnannanFrontLock1nannanLockednannannannanwebhook
,Manny KinnannanFrontLock1nannanLockednannannannanwebhook
,nannanmotionnannanExterior-Front Doornannannannannanwebhook
,nannanmotionnannanExterior-Front Doornannannannannanwebhook
,Manny KinnannanFrontLock1nannanLockednannannannanwebhook
,Manny KinnannanFrontLock1nannanLockednannannannanwebhook
,Manny KinnannanFrontLock1nannanLockednannannannanwebhook
,Manny KinnannanFrontLock1nannanLockednannannannanwebhook
,nannannanFrontLock1nannanUnlockednannannan Manny Kinwebhook
,nannannanFrontLock1nannanUnlockednannannan Manual Unlockwebhook
,nannannanFrontLock1nannanUnlockednannannan Manny Kinwebhook
,Manny KinnannanFrontLock1nannanLockednannannannanwebhook
,Manny KinnannanFrontLock1nannanLockednannannannanwebhook
,nannanmotionnannanExterior-Front Doornannannannannanwebhook
,nannannanRoom1LampnannanActivatednannannannanwebhook
,nannanmotionnannanExterior-Front Doornannannannannanwebhook
,nannannanFrontLock1nannanUnlockednannannan Manny Kinwebhook
,Manny KinnannanFrontLock1nannanLockednannannannanwebhook
,nannanmotionnannanExterior-Front Doornannannannannanwebhook
,nannanmotionnannanExterior-Front Doornannannannannanwebhook
,nannannanRoom1Plug2nannanActivatednannannannanwebhook
,nannanmotionnannanExterior-Front Doornannannannannanwebhook
,
,Manny KinnannanFrontLock1nannanLockednannannannanwebhook
,Manny KinnannanFrontLock1nannanLockednannannannanwebhook
,Manny KinnannanFrontLock1nannanLockednannannannanwebhook
,Manny KinnannanFrontLock1nannanLockednannannannanwebhook
,Manny KinnannanFrontLock1nannanLockednannannannanwebhook
,nannannanFrontLock1nannanUnlockednannannan Manny Kinwebhook
,Manny KinnannanFrontLock1nannanLockednannannannanwebhook
,nannannanFrontLock1nannanUnlockednannannan Manny Kinwebhook
,nannannanFrontLock1nannanUnlockednannannan Manny Kinwebhook
,Manny KinnannanFrontLock1nannanLockednannannannanwebhook
,nannannanFrontLock1nannanUnlockednannannan Manny Kinwebhook
,nannannanFrontLock1nannanUnlockednannannan Manny Kinwebhook
,nannannanFrontLock1nannanUnlockednannannan Manny Kinwebhook
,Manny KinnannanFrontLock1nannanLockednannannannanwebhook
,Manny KinnannanFrontLock1nannanLockednannannannanwebhook
,nannannanFrontLock1nannanUnlockednannannan Manny Kinwebhook
,Manny KinnannanFrontLock1nannanLockednannannannanwebhook
,Manny KinnannanFrontLock1nannanLockednannannannanwebhook
,nannannanFrontLock1nannanUnlockednannannan Manny Kinwebhook
,Manny KinnannanFrontLock1nannanLockednannannannanwebhook
,nannannanFrontLock1nannanUnlockednannannan Manny Kinwebhook
,Manny KinnannanFrontLock1nannanLockednannannannanwebhook
,nannannanFrontLock1nannanUnlockednannannan Manny Kinwebhook
,Manny KinnannanFrontLock1nannanLockednannannannanwebhook
,nanVoice DeactivationnanAlexa10.0nannannanRoom1Lamp7.0nanwebhook
,nanVoice ActivationnanAlexa10.0nannannanRoom1Lamp7.0nanwebhook
,nanVoice ActivationnanAlexa10.0nannannanRoom1Lamp7.0nanwebhook
,nannannanRoom1Plug1nannanDeactivatednannannannanwebhook
,nannannanFrontLock1nannanUnlockednannannan Manny Kinwebhook
,Manny KinnannanFrontLock1nannanLockednannannannanwebhook
,nannannanRoom1Plug1nannanActivatednannannannanwebhook
,nannannanFrontLock1nannanUnlockednannannan Manual Unlockwebhook
,nannannanFrontLock1nannanUnlockednannannan Manny Kinwebhook
,nannanPIR eventnannanExterior-Front Doornannannannannanwebhook
,nannanPIR eventnannanExterior-Front Doornannannannannanwebhook
,nannanPIR eventnannanExterior-Front Doornannannannannanwebhook
,Manny KinnannanFrontLock1nannanLockednannannannanwebhook
,nannanPIR eventnannanExterior-Front Doornannannannannanwebhook
,nannannanFrontLock1nannanUnlockednannannan Manny Kinwebhook
,nannanmotionnannanExterior-Front Doornannannannannanwebhook
,nannanmotionnannanExterior-Front Doornannannannannanwebhook
,nannannanFrontLock1nannanUnlockednannannan Manny Kinwebhook
,nannannanFrontLock1nannanUnlockednannannan Manny Kinwebhook
,nanVoice ActivationnanAlexa10.0nannannanRoom1Lamp7.0nanwebhook
,nanVoice DeactivationnanAlexa10.0nannannanRoom1Lamp7.0nanwebhook
,nannanmotionnannanExterior-Front Doornannannannannanwebhook
,nannanmotionnannanExterior-Front Doornannannannannanwebhook
,nannanmotionnannanExterior-Front Doornannannannannanwebhook
,nannanmotionnannanExterior-Front Doornannannannannanwebhook
,nanVoice ActivationnanAlexa10.0nannannanRoom1Lamp7.0nanwebhook
,nannannanFrontLock1nannanUnlockednannannan Manny Kinwebhook
,nanVoice ActivationnanAlexa10.0nannannanRoom1Lamp7.0nanwebhook
,Manny KinnannanFrontLock1nannanLockednannannannanwebhook
,nannannanFrontLock1nannanUnlockednannannan Manny Kinwebhook
,nannannanFrontLock1nannanUnlockednannannan Manny Kinwebhook
,nannannanFrontLock1nannanUnlockednannannan Manny Kinwebhook
,nannanmotionnannanExterior-Front Doornannannannannanwebhook
,nanVoice ActivationnanAlexa10.0nannannanRoom1Lamp7.0nanwebhook
,nanVoice ActivationnanAlexa10.0nannannanRoom1Lamp7.0nanwebhook
,nannannanFrontLock1nannanUnlockednannannan Manny Kinwebhook
,nannanmotionnannanExterior-Front Doornannannannannanwebhook
,nannannanFrontLock1nannanUnlockednannannan Manny Kinwebhook
,nanVoice ActivationnanAlexa10.0nannannanRoom1Lamp7.0nanwebhook
,Manny KinnannanFrontLock1nannanLockednannannannanwebhook
,nannanmotionnannanExterior-Front Doornannannannannanwebhook
,nanVoice DeactivationnanAlexa10.0nannannanRoom1Lamp7.0nanwebhook
,nanVoice DeactivationnanAlexa10.0nannannanRoom1Lamp7.0nanwebhook
,Manny KinnannanFrontLock1nannanLockednannannannanwebhook
,Manny KinnannanFrontLock1nannanLockednannannannanwebhook
,nannanmotionnannanExterior-Front Doornannannannannanwebhook
,nannanmotionnannanExterior-Front Doornannannannannanwebhook
,nanVoice DeactivationnanAlexa10.0nannannanRoom1Lamp7.0nanwebhook
,Manny KinnannanFrontLock1nannanLockednannannannanwebhook
,Manny KinnannanFrontLock1nannanLockednannannannanwebhook
,nanVoice DeactivationnanAlexa10.0nannannanRoom1Lamp7.0nanwebhook
,nannanmotionnannanExterior-Front Doornannannannannanwebhook
,nanVoice DeactivationnanAlexa10.0nannannanRoom1Lamp7.0nanwebhook
,nanVoice ActivationnanAlexa10.0nannannanRoom1Lamp7.0nanwebhook
,nannannanRoom1Plug2nannanActivatednannannannanwebhook
,nannanmotionnannanExterior-Front Doornannannannannanwebhook
,nannanmotionnannanExterior-Front Doornannannannannanwebhook
,nannanmotionnannanExterior-Front Doornannannannannanwebhook
,Manny KinnannanFrontLock1nannanLockednannannannanwebhook
,nannannanFrontLock1nannanUnlockednannannan Manny Kinwebhook
,nannanmotionnannanExterior-Front Doornannannannannanwebhook
,nanVoice DeactivationnanAlexa10.0nannannanRoom1Lamp7.0nanwebhook
,nanVoice DeactivationnanAlexa10.0nannannanRoom1Lamp7.0nanwebhook
,nannannanFrontLock1nannanUnlockednannannan Manny Kinwebhook
,nannannanFrontLock1nannanUnlockednannannan Manny Kinwebhook
,nannannanFrontLock1nannanUnlockednannannan Manny Kinwebhook
,nanVoice ActivationnanAlexa10.0nannannanRoom1Lamp7.0nanwebhook
,nannanmotionnannanExterior-Front Doornannannannannanwebhook
,nannanmotionnannanExterior-Front Doornannannannannanwebhook
,nanVoice DeactivationnanAlexa10.0nannannanRoom1Lamp7.0nanwebhook
,nannanmotionnannanExterior-Front Doornannannannannanwebhook
,nannanmotionnannanExterior-Front Doornannannannannanwebhook
,nannannanFrontLock1nannanUnlockednannannan Manny Kinwebhook
,Manny KinnannanFrontLock1nannanLockednannannannanwebhook
,nannanmotionnannanExterior-Front Doornannannannannanwebhook
,nannanmotionnannanExterior-Front Doornannannannannanwebhook
,nannannanRoom1Plug1nannanActivatednannannannanwebhook
,nannannanFrontLock1nannanUnlockednannannan Manny Kinwebhook
,nannannanFrontLock1nannanUnlockednannannan Manny Kinwebhook
,Manny KinnannanFrontLock1nannanLockednannannannanwebhook
,nannanmotionnannanExterior-Front Doornannannannannanwebhook
,nannannanFrontLock1nannanUnlockednannannan Manny Kinwebhook
,Manual LocknannanFrontLock1nannanLockednannannannanwebhook
,Manual LocknannanFrontLock1nannanLockednannannannanwebhook
,nannanmotionnannanExterior-Front Doornannannannannanwebhook
,nannannanFrontLock1nannanUnlockednannannan Manual Unlockwebhook
,nannanmotionnannanExterior-Front Doornannannannannanwebhook
,nannanmotionnannanExterior-Front Doornannannannannanwebhook
,Manny KinnannanFrontLock1nannanLockednannannannanwebhook
,Manny KinnannanFrontLock1nannanLockednannannannanwebhook
,Manny KinnannanFrontLock1nannanLockednannannannanwebhook
,Manual LocknannanFrontLock1nannanLockednannannannanwebhook
,Manual LocknannanFrontLock1nannanLockednannannannanwebhook
,Manual LocknannanFrontLock1nannanLockednannannannanwebhook
,Manny KinnannanFrontLock1nannanLockednannannannanwebhook
,nannanmotionnannanExterior-Front Doornannannannannanwebhook
,Manny KinnannanFrontLock1nannanLockednannannannanwebhook
,nannannanRoom1LampnannanActivatednannannannanwebhook
,nannanmotionnannanExterior-Front Doornannannannannanwebhook
,Manny KinnannanFrontLock1nannanLockednannannannanwebhook
,nanVoice ActivationnanAlexa10.0nannannanRoom1Lamp7.0nanwebhook
,nannannanFrontLock1nannanUnlockednannannan Manny Kinwebhook
,nannanmotionnannanExterior-Front Doornannannannannanwebhook
,nannanmotionnannanExterior-Front Doornannannannannanwebhook
,nannannanFrontLock1nannanUnlockednannannan Manny Kinwebhook
,nanVoice DeactivationnanAlexa10.0nannannanRoom1Lamp7.0nanwebhook
,
,nannannanFrontLock1nannanUnlockednannannan Manny Kinwebhook
,nannannanFrontLock1nannanUnlockednannannan Manny Kinwebhook
,nannannanFrontLock1nannanUnlockednannannan Manny Kinwebhook
,Manny KinnannanFrontLock1nannanLockednannannannanwebhook
,Manny KinnannanFrontLock1nannanLockednannannannanwebhook
,Manny KinnannanFrontLock1nannanLockednannannannanwebhook
,nannannanFrontLock1nannanUnlockednannannan Manny Kinwebhook
,Manny KinnannanFrontLock1nannanLockednannannannanwebhook
,Manny KinnannanFrontLock1nannanLockednannannannanwebhook
,nannannanFrontLock1nannanUnlockednannannan Manny Kinwebhook
,nannannanFrontLock1nannanUnlockednannannan Manny Kinwebhook
,Manny KinnannanFrontLock1nannanLockednannannannanwebhook
,Manny KinnannanFrontLock1nannanLockednannannannanwebhook
,Manny KinnannanFrontLock1nannanLockednannannannanwebhook
,nannannanFrontLock1nannanUnlockednannannan Manny Kinwebhook
,nannannanFrontLock1nannanUnlockednannannan Manny Kinwebhook
,Manny KinnannanFrontLock1nannanLockednannannannanwebhook
,nannannanFrontLock1nannanUnlockednannannan Manny Kinwebhook
,nannannanFrontLock1nannanUnlockednannannan Manny Kinwebhook
,Manny KinnannanFrontLock1nannanLockednannannannanwebhook
,Manny KinnannanFrontLock1nannanLockednannannannanwebhook
,nannannanFrontLock1nannanUnlockednannannan Manny Kinwebhook
,Manny KinnannanFrontLock1nannanLockednannannannanwebhook
,nanVoice ActivationnanAlexa10.0nannannanRoom1Lamp7.0nanwebhook
,nanVoice ActivationnanAlexa10.0nannannanRoom1Lamp7.0nanwebhook
,nanVoice DeactivationnanAlexa10.0nannannanRoom1Lamp7.0nanwebhook
,nanVoice DeactivationnanAlexa10.0nannannanRoom1Lamp7.0nanwebhook
,nannannanRoom1Plug1nannanDeactivatednannannannanwebhook
,nanVoice ActivationnanAlexa10.0nannannanRoom1Lamp7.0nanwebhook
,nanVoice DeactivationnanAlexa10.0nannannanRoom1Lamp7.0nanwebhook
,nannannanFrontLock1nannanUnlockednannannan Manual Unlockwebhook
,nanVoice DeactivationnanAlexa10.0nannannanRoom1Lamp7.0nanwebhook
,nanplay musicnanAlexanannannannannannannanwebhook
,nannanPIR eventnannanExterior-Front Doornannannannannanwebhook
,nannanPIR eventnannanExterior-Front Doornannannannannanwebhook
,nannanPIR eventnannanExterior-Front Doornannannannannanwebhook
,nannannanFrontLock1nannanUnlockednannannan Manny Kinwebhook
,nannanPIR eventnannanExterior-Front Doornannannannannanwebhook
,Manny KinnannanFrontLock1nannanLockednannannannanwebhook
,nannanmotionnannanExterior-Front Doornannannannannanwebhook
,nannanmotionnannanExterior-Front Doornannannannannanwebhook
,nannanmotionnannanExterior-Front Doornannannannannanwebhook
,Manny KinnannanFrontLock1nannanLockednannannannanwebhook
,nanVoice ActivationnanAlexa10.0nannannanRoom1Lamp7.0nanwebhook
,nanVoice DeactivationnanAlexa10.0nannannanRoom1Lamp7.0nanwebhook
,nanVoice ActivationnanAlexa10.0nannannanRoom1Lamp7.0nanwebhook
,Manny KinnannanFrontLock1nannanLockednannannannanwebhook
,nannanmotionnannanExterior-Front Doornannannannannanwebhook
,nannannanRoom1Plug2nannanActivatednannannannanwebhook
,nannannanRoom1LampnannanActivatednannannannanwebhook
,Manny KinnannanFrontLock1nannanLockednannannannanwebhook
,nanVoice DeactivationnanAlexa10.0nannannanRoom1Lamp7.0nanwebhook
,nannannanFrontLock1nannanUnlockednannannan Manny Kinwebhook
,nanVoice ActivationnanAlexa10.0nannannanRoom1Lamp7.0nanwebhook
,nanVoice ActivationnanAlexa10.0nannannanRoom1Lamp7.0nanwebhook
,nannanmotionnannanExterior-Front Doornannannannannanwebhook
,nannanmotionnannanExterior-Front Doornannannannannanwebhook
,nannanmotionnannanExterior-Front Doornannannannannanwebhook
,nanVoice DeactivationnanAlexa10.0nannannanRoom1Lamp7.0nanwebhook
,nanVoice ActivationnanAlexa10.0nannannanRoom1Lamp7.0nanwebhook
,nannannanFrontLock1nannanUnlockednannannan Manny Kinwebhook
,nanVoice ActivationnanAlexa10.0nannannanRoom1Lamp7.0nanwebhook
,nanVoice DeactivationnanAlexa10.0nannannanRoom1Lamp7.0nanwebhook
,nanVoice DeactivationnanAlexa10.0nannannanRoom1Lamp7.0nanwebhook
,nannanmotionnannanExterior-Front Doornannannannannanwebhook
,Manny KinnannanFrontLock1nannanLockednannannannanwebhook
,Manny KinnannanFrontLock1nannanLockednannannannanwebhook
,nannannanFrontLock1nannanUnlockednannannan Manny Kinwebhook
,nannannanFrontLock1nannanUnlockednannannan Manny Kinwebhook
,nannanmotionnannanExterior-Front Doornannannannannanwebhook
,nannanmotionnannanExterior-Front Doornannannannannanwebhook
,Manny KinnannanFrontLock1nannanLockednannannannanwebhook
,nannannanFrontLock1nannanUnlockednannannan Manny Kinwebhook
,nannannanFrontLock1nannanUnlockednannannan Manny Kinwebhook
,Manny KinnannanFrontLock1nannanLockednannannannanwebhook
,nannanmotionnannanExterior-Front Doornannannannannanwebhook
,Manny KinnannanFrontLock1nannanLockednannannannanwebhook
,nanVoice DeactivationnanAlexa10.0nannannanRoom1Lamp7.0nanwebhook
,nannannanRoom1LampnannanActivatednannannannanwebhook
,nannanmotionnannanExterior-Front Doornannannannannanwebhook
,nannanmotionnannanExterior-Front Doornannannannannanwebhook
,nannanmotionnannanExterior-Front Doornannannannannanwebhook
,nannannanFrontLock1nannanUnlockednannannan Manny Kinwebhook
,nanVoice ActivationnanAlexa10.0nannannanRoom1Lamp7.0nanwebhook
,nannannanFrontLock1nannanUnlockednannannan Manny Kinwebhook
,nanVoice ActivationnanAlexa10.0nannannanRoom1Lamp7.0nanwebhook
,Manny KinnannanFrontLock1nannanLockednannannannanwebhook
,nanVoice ActivationnanAlexa10.0nannannanRoom1Lamp7.0nanwebhook
,nanVoice ActivationnanAlexa10.0nannannanRoom1Lamp7.0nanwebhook
,nanVoice ActivationnanAlexa10.0nannannanRoom1Lamp7.0nanwebhook
,Manny KinnannanFrontLock1nannanLockednannannannanwebhook
,nannanmotionnannanExterior-Front Doornannannannannanwebhook
,nannannanRoom1Plug1nannanActivatednannannannanwebhook
,nanVoice ActivationnanAlexa10.0nannannanRoom1Lamp7.0nanwebhook
,nannanmotionnannanExterior-Front Doornannannannannanwebhook
,nannanmotionnannanExterior-Front Doornannannannannanwebhook
,Manny KinnannanFrontLock1nannanLockednannannannanwebhook
,Manny KinnannanFrontLock1nannanLockednannannannanwebhook
,nannannanFrontLock1nannanUnlockednannannan Manny Kinwebhook
,Manny KinnannanFrontLock1nannanLockednannannannanwebhook
,nannanmotionnannanExterior-Front Doornannannannannanwebhook
,Manny KinnannanFrontLock1nannanLockednannannannanwebhook
,nannanmotionnannanExterior-Front Doornannannannannanwebhook
,nannannanFrontLock1nannanUnlockednannannan Manny Kinwebhook
,Manual LocknannanFrontLock1nannanLockednannannannanwebhook
,nannannanFrontLock1nannanUnlockednannannan Manual Unlockwebhook
,Manual LocknannanFrontLock1nannanLockednannannannanwebhook
,nannannanFrontLock1nannanUnlockednannannan Manual Unlockwebhook
,nannanmotionnannanExterior-Front Doornannannannannanwebhook
,Manny KinnannanFrontLock1nannanLockednannannannanwebhook
,nannanmotionnannanExterior-Front Doornannannannannanwebhook
,nannanmotionnannanExterior-Front Doornannannannannanwebhook
,Manny KinnannanFrontLock1nannanLockednannannannanwebhook
,Manny KinnannanFrontLock1nannanLockednannannannanwebhook
,Manual LocknannanFrontLock1nannanLockednannannannanwebhook
,nannannanFrontLock1nannanUnlockednannannan Manual Unlockwebhook
,nannannanFrontLock1nannanUnlockednannannan Manual Unlockwebhook
,Manny KinnannanFrontLock1nannanLockednannannannanwebhook
,nannannanFrontLock1nannanUnlockednannannan Manny Kinwebhook
,Manny KinnannanFrontLock1nannanLockednannannannanwebhook
,nannanmotionnannanExterior-Front Doornannannannannanwebhook
,nannanmotionnannanExterior-Front Doornannannannannanwebhook
,nannanmotionnannanExterior-Front Doornannannannannanwebhook
,nannannanFrontLock1nannanUnlockednannannan Manny Kinwebhook
,nanVoice DeactivationnanAlexa10.0nannannanRoom1Lamp7.0nanwebhook
,nanVoice ActivationnanAlexa10.0nannannanRoom1Lamp7.0nanwebhook
,nannanmotionnannanExterior-Front Doornannannannannanwebhook
,nannannanRoom1Plug2nannanActivatednannannannanwebhook
,nanVoice ActivationnanAlexa10.0nannannanRoom1Lamp7.0nanwebhook
,nanVoice ActivationnanAlexa10.0nannannanRoom1Lamp7.0nanwebhook
,
,Manny KinnannanFrontLock1nannanLockednannannannanwebhook
,Manny KinnannanFrontLock1nannanLockednannannannanwebhook
,Manny KinnannanFrontLock1nannanLockednannannannanwebhook
,nannannanFrontLock1nannanUnlockednannannan Manny Kinwebhook
,nannannanFrontLock1nannanUnlockednannannan Manny Kinwebhook
,nannannanFrontLock1nannanUnlockednannannan Manny Kinwebhook
,Manny KinnannanFrontLock1nannanLockednannannannanwebhook
,nannannanFrontLock1nannanUnlockednannannan Manny Kinwebhook
,Manny KinnannanFrontLock1nannanLockednannannannanwebhook
,nannannanFrontLock1nannanUnlockednannannan Manny Kinwebhook
,nannannanFrontLock1nannanUnlockednannannan Manny Kinwebhook
,Manny KinnannanFrontLock1nannanLockednannannannanwebhook
,Manny KinnannanFrontLock1nannanLockednannannannanwebhook
,nannannanFrontLock1nannanUnlockednannannan Manny Kinwebhook
,nannannanFrontLock1nannanUnlockednannannan Manny Kinwebhook
,Manny KinnannanFrontLock1nannanLockednannannannanwebhook
,nannannanFrontLock1nannanUnlockednannannan Manny Kinwebhook
,nannannanFrontLock1nannanUnlockednannannan Manny Kinwebhook
,Manny KinnannanFrontLock1nannanLockednannannannanwebhook
,nannannanFrontLock1nannanUnlockednannannan Manny Kinwebhook
,nannannanFrontLock1nannanUnlockednannannan Manny Kinwebhook
,nannannanFrontLock1nannanUnlockednannannan Manny Kinwebhook
,nannannanFrontLock1nannanUnlockednannannan Manny Kinwebhook
,nanVoice DeactivationnanAlexa10.0nannannanRoom1Lamp7.0nanwebhook
,nanVoice DeactivationnanAlexa10.0nannannanRoom1Lamp7.0nanwebhook
,nanVoice ActivationnanAlexa10.0nannannanRoom1Lamp7.0nanwebhook
,nannannanRoom1LampnannanActivatednannannannanwebhook
,nannannanRoom1Plug2nannanActivatednannannannanwebhook
,nanVoice ActivationnanAlexa10.0nannannanRoom1Lamp7.0nanwebhook
,nannannanRoom1Plug1nannanActivatednannannannanwebhook
,nannannanRoom1Plug1nannanActivatednannannannanwebhook
,nannannanRoom1Plug2nannanActivatednannannannanwebhook
,nanVoice DeactivationnanAlexa10.0nannannanRoom1Lamp7.0nanwebhook
,Manny KinnannanFrontLock1nannanLockednannannannanwebhook
,nannanPIR eventnannanExterior-Front Doornannannannannanwebhook
,nannanPIR eventnannanExterior-Front Doornannannannannanwebhook
,nannanPIR eventnannanExterior-Front Doornannannannannanwebhook
,nannanPIR eventnannanExterior-Front Doornannannannannanwebhook
,nannannanFrontLock1nannanUnlockednannannan Manny Kinwebhook
,nannanmotionnannanExterior-Front Doornannannannannanwebhook
,nannannanFrontLock1nannanUnlockednannannan Manny Kinwebhook
,nannannanRoom1Plug2nannanActivatednannannannanwebhook
,Manny KinnannanFrontLock1nannanLockednannannannanwebhook
,nanplay musicnanAlexanannannannannannannanwebhook
,Manny KinnannanFrontLock1nannanLockednannannannanwebhook
,nanplay musicnanAlexanannannannannannannanwebhook
,nannannanFrontLock1nannanUnlockednannannan Manny Kinwebhook
,nannanmotionnannanExterior-Front Doornannannannannanwebhook
,nannanmotionnannanExterior-Front Doornannannannannanwebhook
,nannanmotionnannanExterior-Front Doornannannannannanwebhook
,nannannanFrontLock1nannanUnlockednannannan Manny Kinwebhook
,Manny KinnannanFrontLock1nannanLockednannannannanwebhook
,nannanmotionnannanExterior-Front Doornannannannannanwebhook
,nannannanRoom1LampnannanActivatednannannannanwebhook
,nannanmotionnannanExterior-Front Doornannannannannanwebhook
,nannanmotionnannanExterior-Front Doornannannannannanwebhook
,nannannanFrontLock1nannanUnlockednannannan Manny Kinwebhook
,nanVoice DeactivationnanAlexa10.0nannannanRoom1Lamp7.0nanwebhook
,Manny KinnannanFrontLock1nannanLockednannannannanwebhook
,nanVoice DeactivationnanAlexa10.0nannannanRoom1Lamp7.0nanwebhook
,nanVoice ActivationnanAlexa10.0nannannanRoom1Lamp7.0nanwebhook
,nannannanRoom1LampnannanActivatednannannannanwebhook
,Manny KinnannanFrontLock1nannanLockednannannannanwebhook
,nannanmotionnannanExterior-Front Doornannannannannanwebhook
,nannanmotionnannanExterior-Front Doornannannannannanwebhook
,nannannanFrontLock1nannanUnlockednannannan Manny Kinwebhook
,nannannanFrontLock1nannanUnlockednannannan Manny Kinwebhook
,nanVoice ActivationnanAlexa10.0nannannanRoom1Lamp7.0nanwebhook
,nanVoice ActivationnanAlexa10.0nannannanRoom1Lamp7.0nanwebhook
,nannanmotionnannanExterior-Front Doornannannannannanwebhook
,nannanmotionnannanExterior-Front Doornannannannannanwebhook
,nannannanFrontLock1nannanUnlockednannannan Manny Kinwebhook
,nanVoice ActivationnanAlexa10.0nannannanRoom1Lamp7.0nanwebhook
,nanVoice ActivationnanAlexa10.0nannannanRoom1Lamp7.0nanwebhook
,nannanmotionnannanExterior-Front Doornannannannannanwebhook
,nannanmotionnannanExterior-Front Doornannannannannanwebhook
,nannannanFrontLock1nannanUnlockednannannan Manny Kinwebhook
,Manny KinnannanFrontLock1nannanLockednannannannanwebhook
,nannanmotionnannanExterior-Front Doornannannannannanwebhook
,nannanmotionnannanExterior-Front Doornannannannannanwebhook
,nannanmotionnannanExterior-Front Doornannannannannanwebhook
,nannanmotionnannanExterior-Front Doornannannannannanwebhook
,nanVoice ActivationnanAlexa10.0nannannanRoom1Lamp7.0nanwebhook
,nanVoice DeactivationnanAlexa10.0nannannanRoom1Lamp7.0nanwebhook
,nanVoice ActivationnanAlexa10.0nannannanRoom1Lamp7.0nanwebhook
,nannannanRoom1LampnannanActivatednannannannanwebhook
,nannannanFrontLock1nannanUnlockednannannan Manny Kinwebhook
,nanVoice DeactivationnanAlexa10.0nannannanRoom1Lamp7.0nanwebhook
,nanVoice DeactivationnanAlexa10.0nannannanRoom1Lamp7.0nanwebhook
,nanVoice DeactivationnanAlexa10.0nannannanRoom1Lamp7.0nanwebhook
,nannannanRoom1LampnannanActivatednannannannanwebhook
,nannannanFrontLock1nannanUnlockednannannan Manny Kinwebhook
,nannannanFrontLock1nannanUnlockednannannan Manual Unlockwebhook
,nanVoice DeactivationnanAlexa10.0nannannanRoom1Lamp7.0nanwebhook
,nannanmotionnannanExterior-Front Doornannannannannanwebhook
,nannanmotionnannanExterior-Front Doornannannannannanwebhook
,Manny KinnannanFrontLock1nannanLockednannannannanwebhook
,nannannanFrontLock1nannanUnlockednannannan Manny Kinwebhook
,Manny KinnannanFrontLock1nannanLockednannannannanwebhook
,nannanmotionnannanExterior-Front Doornannannannannanwebhook
,nannanmotionnannanExterior-Front Doornannannannannanwebhook
,nannanmotionnannanExterior-Front Doornannannannannanwebhook
,Manny KinnannanFrontLock1nannanLockednannannannanwebhook
,Manny KinnannanFrontLock1nannanLockednannannannanwebhook
,nannannanFrontLock1nannanUnlockednannannan Manny Kinwebhook
,Manual LocknannanFrontLock1nannanLockednannannannanwebhook
,nannannanFrontLock1nannanUnlockednannannan Manual Unlockwebhook
,nannannanFrontLock1nannanUnlockednannannan Manny Kinwebhook
,nannannanFrontLock1nannanUnlockednannannan Manny Kinwebhook
,nannanmotionnannanExterior-Front Doornannannannannanwebhook
,nannanmotionnannanExterior-Front Doornannannannannanwebhook
,nannanmotionnannanExterior-Front Doornannannannannanwebhook
,Manny KinnannanFrontLock1nannanLockednannannannanwebhook
,Manual LocknannanFrontLock1nannanLockednannannannanwebhook
,nannannanFrontLock1nannanUnlockednannannan Manual Unlockwebhook
,nannannanFrontLock1nannanUnlockednannannan Manual Unlockwebhook
,Manual LocknannanFrontLock1nannanLockednannannannanwebhook
,nannannanFrontLock1nannanUnlockednannannan Manny Kinwebhook
,nannanmotionnannanExterior-Front Doornannannannannanwebhook
,Manny KinnannanFrontLock1nannanLockednannannannanwebhook
,nannanmotionnannanExterior-Front Doornannannannannanwebhook
,nannanmotionnannanExterior-Front Doornannannannannanwebhook
,nannanmotionnannanExterior-Front Doornannannannannanwebhook
,nanVoice ActivationnanAlexa10.0nannannanRoom1Lamp7.0nanwebhook
,nannanmotionnannanExterior-Front Doornannannannannanwebhook
,nanVoice ActivationnanAlexa10.0nannannanRoom1Lamp7.0nanwebhook
,nannanmotionnannanExterior-Front Doornannannannannanwebhook
,nannannanFrontLock1nannanUnlockednannannan Manny Kinwebhook
,nanVoice DeactivationnanAlexa10.0nannannanRoom1Lamp7.0nanwebhook
,nanVoice DeactivationnanAlexa10.0nannannanRoom1Lamp7.0nanwebhook
,
